{
    "name": "All Requests",
    "numberOfRequests": {
        "total": 54633,
        "ok": 30776,
        "ko": 23857
    },
    "minResponseTime": {
        "total": 1,
        "ok": 1,
        "ko": 1
    },
    "maxResponseTime": {
        "total": 103118,
        "ok": 63923,
        "ko": 103118
    },
    "meanResponseTime": {
        "total": 32469,
        "ok": 11382,
        "ko": 59672
    },
    "standardDeviation": {
        "total": 31000,
        "ok": 13474,
        "ko": 25552
    },
    "percentiles1": {
        "total": 21681,
        "ok": 5343,
        "ko": 65800
    },
    "percentiles2": {
        "total": 61741,
        "ok": 19154,
        "ko": 78422
    },
    "percentiles3": {
        "total": 85802,
        "ok": 40201,
        "ko": 91970
    },
    "percentiles4": {
        "total": 94898,
        "ok": 44177,
        "ko": 96974
    },
    "group1": {
    "name": "t < 800 ms",
    "htmlName": "t < 800 ms",
    "count": 10454,
    "percentage": 19.134955063789285
},
    "group2": {
    "name": "800 ms <= t < 1200 ms",
    "htmlName": "t >= 800 ms <br> t < 1200 ms",
    "count": 838,
    "percentage": 1.5338714696245859
},
    "group3": {
    "name": "t >= 1200 ms",
    "htmlName": "t >= 1200 ms",
    "count": 19484,
    "percentage": 35.66342686654586
},
    "group4": {
    "name": "failed",
    "htmlName": "failed",
    "count": 23857,
    "percentage": 43.66774660004027
},
    "meanNumberOfRequestsPerSecond": {
        "total": 185.8265306122449,
        "ok": 104.68027210884354,
        "ko": 81.14625850340136
    }
}